{
  "baseName" : "NDI Webcam Video 1",
  "uniqueName" : "NDI_Webcam_Video_1",
  "nickname" : "NDI_Webcam_Video_1",
  "FOV" : 70.0,
  "path" : "\\\\?\\root#media#0001#{e5323777-f976-4f5b-9b55-b94699c46e44}\\vidsource0",
  "cameraType" : "UsbCamera",
  "currentPipelineIndex" : 0,
  "calibrations" : [ {
    "resolution" : {
      "width" : 1920.0,
      "height" : 1080.0
    },
    "cameraIntrinsics" : {
      "rows" : 3,
      "cols" : 3,
      "type" : 6,
      "data" : [ 282335.94078449527, 0.0, 959.5973416293826, 0.0, 344035.9150278178, 540.0015460848392, 0.0, 0.0, 1.0 ]
    },
    "cameraExtrinsics" : {
      "rows" : 1,
      "cols" : 5,
      "type" : 6,
      "data" : [ -3.056986241534842, -9.394463766954444E-6, 0.033448914199894736, -0.25631376369005837, -2.6241064839540534E-11 ]
    },
    "perViewErrors" : [ 0.3429579812848092, 0.23949031693253753, 0.22723453641929214, 0.23807161888165637, 0.2561526541554442, 0.21612020467728155, 0.2730867388517105, 0.24650125064193093, 0.22945645532647096, 0.2795468925708325, 0.25125030610555954, 0.24083743744024919, 0.18141366463214798, 0.23729970713042994, 0.17879629555211068, 0.15168605399264806, 0.15865055099008785, 0.17992717421627494 ],
    "standardDeviation" : 0.045772034377457006
  } ],
  "streamIndex" : 1
}